{"10d":{"consensus":{"accuracy":0.49436311627124346,"correct":8814,"pct":49.4,"total":17829},"per_ticker":{"AAPL":{"accuracy":0.7009443861490031,"correct":668,"pct":70.1,"total":953},"AMD":{"accuracy":0.3265625,"correct":209,"pct":32.7,"total":640},"AMZN":{"accuracy":0.6893732970027248,"correct":759,"pct":68.9,"total":1101},"AVGO":{"accuracy":0.5518207282913166,"correct":394,"pct":55.2,"total":714},"BTC-USD":{"accuracy":0.42205791743684534,"correct":685,"pct":42.2,"total":1623},"ETH-USD":{"accuracy":0.5460277427490542,"correct":866,"pct":54.6,"total":1586},"GOOGL":{"accuracy":0.2395326192794547,"correct":246,"pct":24.0,"total":1027},"LMT":{"accuracy":0.4557235421166307,"correct":422,"pct":45.6,"total":926},"META":{"accuracy":0.8336283185840708,"correct":942,"pct":83.4,"total":1130},"MSTR":{"accuracy":0.1125,"correct":9,"pct":11.2,"total":80},"MU":{"accuracy":0.2014388489208633,"correct":140,"pct":20.1,"total":695},"NVDA":{"accuracy":0.2452504317789292,"correct":284,"pct":24.5,"total":1158},"PLTR":{"accuracy":0.6929012345679012,"correct":449,"pct":69.3,"total":648},"SMCI":{"accuracy":0.5708884688090737,"correct":604,"pct":57.1,"total":1058},"SOUN":{"accuracy":0.6103151862464183,"correct":426,"pct":61.0,"total":698},"TSM":{"accuracy":0.2467866323907455,"correct":192,"pct":24.7,"total":778},"TTWO":{"accuracy":0.6501901140684411,"correct":342,"pct":65.0,"total":526},"VRT":{"accuracy":0.3540983606557377,"correct":432,"pct":35.4,"total":1220},"XAG-USD":{"accuracy":0.49537037037037035,"correct":321,"pct":49.5,"total":648},"XAU-USD":{"accuracy":0.6838709677419355,"correct":424,"pct":68.4,"total":620}},"signals":{"bb":{"accuracy":0.6949582879941966,"correct":1916,"pct":69.5,"total":2757},"calendar":{"accuracy":0.6278118609406953,"correct":1842,"pct":62.8,"total":2934},"candlestick":{"accuracy":0.45280898876404496,"correct":1209,"pct":45.3,"total":2670},"claude_fundamental":{"accuracy":0.0,"correct":0,"pct":0.0,"total":0},"econ_calendar":{"accuracy":0.0,"correct":0,"pct":0.0,"total":0},"ema":{"accuracy":0.3130305602716469,"correct":1475,"pct":31.3,"total":4712},"fear_greed":{"accuracy":0.7047503045066992,"correct":2893,"pct":70.5,"total":4105},"fibonacci":{"accuracy":0.4767421137052219,"correct":2675,"pct":47.7,"total":5611},"forecast":{"accuracy":0.0,"correct":0,"pct":0.0,"total":0},"funding":{"accuracy":0.9292364990689013,"correct":499,"pct":92.9,"total":537},"futures_flow":{"accuracy":0.0,"correct":0,"pct":0.0,"total":0},"heikin_ashi":{"accuracy":0.400140252454418,"correct":2853,"pct":40.0,"total":7130},"macd":{"accuracy":0.6458128078817734,"correct":1311,"pct":64.6,"total":2030},"macro_regime":{"accuracy":0.2891393442622951,"correct":1411,"pct":28.9,"total":4880},"mean_reversion":{"accuracy":0.559356391739516,"correct":4415,"pct":55.9,"total":7893},"ministral":{"accuracy":0.27593682254567975,"correct":891,"pct":27.6,"total":3229},"ml":{"accuracy":0.606709080393291,"correct":1049,"pct":60.7,"total":1729},"momentum":{"accuracy":0.4576271186440678,"correct":135,"pct":45.8,"total":295},"momentum_factors":{"accuracy":0.49057211925866234,"correct":3044,"pct":49.1,"total":6205},"news_event":{"accuracy":0.5182072829131653,"correct":185,"pct":51.8,"total":357},"oscillators":{"accuracy":0.5813953488372093,"correct":300,"pct":58.1,"total":516},"rsi":{"accuracy":0.48795465281058104,"correct":4132,"pct":48.8,"total":8468},"sentiment":{"accuracy":0.4788295278208823,"correct":6480,"pct":47.9,"total":13533},"smart_money":{"accuracy":0.4775491113189897,"correct":2042,"pct":47.8,"total":4276},"structure":{"accuracy":0.4522700814901048,"correct":2331,"pct":45.2,"total":5154},"trend":{"accuracy":0.3878681831437737,"correct":1330,"pct":38.8,"total":3429},"volatility_sig":{"accuracy":0.42585034013605444,"correct":313,"pct":42.6,"total":735},"volume":{"accuracy":0.4443025400879807,"correct":3131,"pct":44.4,"total":7047},"volume_flow":{"accuracy":0.4996393239901072,"correct":9697,"pct":50.0,"total":19408}}},"1d":{"consensus":{"accuracy":0.4826910949583458,"correct":14543,"pct":48.3,"total":30129},"per_ticker":{"AAPL":{"accuracy":0.45592163846838824,"correct":512,"pct":45.6,"total":1123},"AI":{"accuracy":0.3317757009345794,"correct":71,"pct":33.2,"total":214},"AMD":{"accuracy":0.2515802781289507,"correct":199,"pct":25.2,"total":791},"AMZN":{"accuracy":0.4051660516605166,"correct":549,"pct":40.5,"total":1355},"AVGO":{"accuracy":0.4892344497607656,"correct":409,"pct":48.9,"total":836},"BABA":{"accuracy":0.3923705722070845,"correct":144,"pct":39.2,"total":367},"BTC-USD":{"accuracy":0.5328083989501312,"correct":1015,"pct":53.3,"total":1905},"ETH-USD":{"accuracy":0.46221248630887185,"correct":844,"pct":46.2,"total":1826},"GOOGL":{"accuracy":0.32546786004882017,"correct":400,"pct":32.5,"total":1229},"GRRR":{"accuracy":0.17559153175591533,"correct":141,"pct":17.6,"total":803},"IONQ":{"accuracy":0.3968565815324165,"correct":202,"pct":39.7,"total":509},"LMT":{"accuracy":0.5907172995780591,"correct":700,"pct":59.1,"total":1185},"META":{"accuracy":0.3271461716937355,"correct":423,"pct":32.7,"total":1293},"MRVL":{"accuracy":0.5394190871369294,"correct":390,"pct":53.9,"total":723},"MSTR":{"accuracy":0.4720496894409938,"correct":304,"pct":47.2,"total":644},"MU":{"accuracy":0.7038674033149172,"correct":637,"pct":70.4,"total":905},"NVDA":{"accuracy":0.6325903151421983,"correct":823,"pct":63.3,"total":1301},"PLTR":{"accuracy":0.5400254129606099,"correct":425,"pct":54.0,"total":787},"PONY":{"accuracy":0.45124282982791586,"correct":236,"pct":45.1,"total":523},"QQQ":{"accuracy":0.4550438596491228,"correct":415,"pct":45.5,"total":912},"RXRX":{"accuracy":0.24497041420118343,"correct":207,"pct":24.5,"total":845},"SMCI":{"accuracy":0.5121951219512195,"correct":693,"pct":51.2,"total":1353},"SOUN":{"accuracy":0.5274122807017544,"correct":481,"pct":52.7,"total":912},"TEM":{"accuracy":0.47844827586206895,"correct":333,"pct":47.8,"total":696},"TSM":{"accuracy":0.5430944963655244,"correct":523,"pct":54.3,"total":963},"TTWO":{"accuracy":0.38808139534883723,"correct":267,"pct":38.8,"total":688},"UPST":{"accuracy":0.5991803278688524,"correct":731,"pct":59.9,"total":1220},"VERI":{"accuracy":0.7270408163265306,"correct":855,"pct":72.7,"total":1176},"VRT":{"accuracy":0.40389784946236557,"correct":601,"pct":40.4,"total":1488},"XAG-USD":{"accuracy":0.6658322903629537,"correct":532,"pct":66.6,"total":799},"XAU-USD":{"accuracy":0.6345646437994723,"correct":481,"pct":63.5,"total":758}},"signals":{"bb":{"accuracy":0.5426372712146422,"correct":2609,"pct":54.3,"total":4808},"calendar":{"accuracy":0.6416210295728368,"correct":2929,"pct":64.2,"total":4565},"candlestick":{"accuracy":0.4826638154880098,"correct":3160,"pct":48.3,"total":6547},"claude_fundamental":{"accuracy":0.0,"correct":0,"pct":0.0,"total":0},"econ_calendar":{"accuracy":1.0,"correct":68,"pct":100.0,"total":68},"ema":{"accuracy":0.48695571441834556,"correct":5245,"pct":48.7,"total":10771},"fear_greed":{"accuracy":0.48379955725498086,"correct":2404,"pct":48.4,"total":4969},"fibonacci":{"accuracy":0.40576542824435424,"correct":3899,"pct":40.6,"total":9609},"forecast":{"accuracy":0.5094066570188133,"correct":1760,"pct":50.9,"total":3455},"funding":{"accuracy":0.297951582867784,"correct":160,"pct":29.8,"total":537},"futures_flow":{"accuracy":0.3333333333333333,"correct":1,"pct":33.3,"total":3},"heikin_ashi":{"accuracy":0.4709607772580065,"correct":6544,"pct":47.1,"total":13895},"macd":{"accuracy":0.37776004256451184,"correct":1420,"pct":37.8,"total":3759},"macro_regime":{"accuracy":0.4363607544777302,"correct":5506,"pct":43.6,"total":12618},"mean_reversion":{"accuracy":0.5036020846106684,"correct":6571,"pct":50.4,"total":13048},"ministral":{"accuracy":0.6037544393708777,"correct":2380,"pct":60.4,"total":3942},"ml":{"accuracy":0.4175824175824176,"correct":722,"pct":41.8,"total":1729},"momentum":{"accuracy":0.4613583138173302,"correct":394,"pct":46.1,"total":854},"momentum_factors":{"accuracy":0.5650575602205669,"correct":5841,"pct":56.5,"total":10337},