{
  "fitted_at": "2026-05-29T21:41:43.247408+00:00",
  "method": "equal-width-bins",
  "n_bins": 5,
  "min_bin_count": 20,
  "signals": {
    "ministral": {
      "n": 99,
      "bins": [
        [
          0.0,
          0.2,
          null,
          0
        ],
        [
          0.2,
          0.4,
          null,
          0
        ],
        [
          0.4,
          0.6,
          null,
          14
        ],
        [
          0.6,
          0.8,
          0.234568,
          81
        ],
        [
          0.8,
          1.0,
          null,
          4
        ]
      ]
    },
    "qwen3": {
      "n": 304,
      "bins": [
        [
          0.0,
          0.2,
          null,
          0
        ],
        [
          0.2,
          0.4,
          null,
          0
        ],
        [
          0.4,
          0.6,
          null,
          3
        ],
        [
          0.6,
          0.8,
          0.288618,
          246
        ],
        [
          0.8,
          1.0,
          0.818182,
          55
        ]
      ]
    }
  }
}