{
  "XAG-USD": {
    "0": {
      "mean_return": -0.0028637333976915735,
      "mean_volatility": 0.004189468031004083,
      "count": 21
    },
    "1": {
      "mean_return": -0.0016262760169615993,
      "mean_volatility": 0.005672692915771892,
      "count": 21
    },
    "2": {
      "mean_return": -0.0016362355103589949,
      "mean_volatility": 0.0035218428950922857,
      "count": 21
    },
    "3": {
      "mean_return": -2.7595207178612197e-05,
      "mean_volatility": 0.0023136776869187503,
      "count": 21
    },
    "4": {
      "mean_return": -0.00011916145013443757,
      "mean_volatility": 0.0023092632096074006,
      "count": 21
    },
    "5": {
      "mean_return": -0.0031468587720450084,
      "mean_volatility": 0.005405051864929228,
      "count": 21
    },
    "6": {
      "mean_return": 0.0022148706026829893,
      "mean_volatility": 0.004768986146086361,
      "count": 21
    },
    "7": {
      "mean_return": -0.00016305661501253566,
      "mean_volatility": 0.0029279706506881165,
      "count": 20
    },
    "8": {
      "mean_return": -0.00030534669769001764,
      "mean_volatility": 0.0024874261537632,
      "count": 20
    },
    "9": {
      "mean_return": -0.00034459918794308987,
      "mean_volatility": 0.0024397477807514166,
      "count": 20
    },
    "10": {
      "mean_return": 0.001109572524250557,
      "mean_volatility": 0.0029846777158529236,
      "count": 20
    },
    "11": {
      "mean_return": 0.0014036891652975058,
      "mean_volatility": 0.0036763008287480246,
      "count": 20
    },
    "12": {
      "mean_return": 0.0015557473132236416,
      "mean_volatility": 0.005363674362117144,
      "count": 21
    },
    "13": {
      "mean_return": -0.0011761163545154906,
      "mean_volatility": 0.006878978772542917,
      "count": 21
    },
    "14": {
      "mean_return": -0.0001731305743314688,
      "mean_volatility": 0.0057412302428617515,
      "count": 21
    },
    "15": {
      "mean_return": 0.00015548487512621426,
      "mean_volatility": 0.005268464836814683,
      "count": 21
    },
    "16": {
      "mean_return": 0.0004337849844070908,
      "mean_volatility": 0.0026161888270517506,
      "count": 21
    },
    "17": {
      "mean_return": 0.0011473120909858256,
      "mean_volatility": 0.002886770862531244,
      "count": 21
    },
    "18": {
      "mean_return": -0.0005785272143412834,
      "mean_volatility": 0.003418898921537921,
      "count": 21
    },
    "19": {
      "mean_return": 0.0005977644500627813,
      "mean_volatility": 0.003871974069164476,
      "count": 21
    },
    "20": {
      "mean_return": -0.000780978662863334,
      "mean_volatility": 0.0034634869094082995,
      "count": 21
    },
    "21": {
      "mean_return": -0.00040971550691264777,
      "mean_volatility": 0.0017462577924461137,
      "count": 21
    },
    "22": {
      "mean_return": 0.003348084340170553,
      "mean_volatility": 0.003863664717492713,
      "count": 21
    },
    "23": {
      "mean_return": 0.0012186636880904267,
      "mean_volatility": 0.0029220375232794213,
      "count": 21
    }
  },
  "XAU-USD": {
    "0": {
      "mean_return": -0.0009371201239258989,
      "mean_volatility": 0.0016998777833242657,
      "count": 21
    },
    "1": {
      "mean_return": -0.00035528891749926297,
      "mean_volatility": 0.0021787046049508907,
      "count": 21
    },
    "2": {
      "mean_return": -0.000886026819113724,
      "mean_volatility": 0.0013491787015941648,
      "count": 21
    },
    "3": {
      "mean_return": -0.0001630815750462237,
      "mean_volatility": 0.0009950572721020238,
      "count": 21
    },
    "4": {
      "mean_return": 5.252323670806065e-05,
      "mean_volatility": 0.001242757762129549,
      "count": 21
    },
    "5": {
      "mean_return": -0.0010356495838533184,
      "mean_volatility": 0.0020164203565984098,
      "count": 21
    },
    "6": {
      "mean_return": 0.0010892180501370166,
      "mean_volatility": 0.0017925418017576754,
      "count": 21
    },
    "7": {
      "mean_return": -0.00025455148711401866,
      "mean_volatility": 0.0010091632282945406,
      "count": 20
    },
    "8": {
      "mean_return": -0.00036233876119013965,
      "mean_volatility": 0.0011586647027072682,
      "count": 20
    },
    "9": {
      "mean_return": -0.00017524210554260567,
      "mean_volatility": 0.00076693605034579,
      "count": 20
    },
    "10": {
      "mean_return": 0.00012312144428843763,
      "mean_volatility": 0.0014591044771834426,
      "count": 20
    },
    "11": {
      "mean_return": 2.3545999275009777e-05,
      "mean_volatility": 0.0013561961618896,
      "count": 20
    },
    "12": {
      "mean_return": 0.0005119002753776879,
      "mean_volatility": 0.0015183691858000827,
      "count": 21
    },
    "13": {
      "mean_return": -0.0004948154019005132,
      "mean_volatility": 0.00251840885127751,
      "count": 21
    },
    "14": {
      "mean_return": -9.371948129031189e-05,
      "mean_volatility": 0.0023032702963886914,
      "count": 21
    },
    "15": {
      "mean_return": -0.000262512001624833,
      "mean_volatility": 0.0018169438129339048,
      "count": 21
    },
    "16": {
      "mean_return": -9.969727093276212e-05,
      "mean_volatility": 0.0009673871324644859,
      "count": 21
    },
    "17": {
      "mean_return": 0.000207821247324092,
      "mean_volatility": 0.0013923451792782627,
      "count": 21
    },
    "18": {
      "mean_return": 3.727192700825068e-05,
      "mean_volatility": 0.0010756379182439487,
      "count": 21
    },
    "19": {
      "mean_return": 0.0002722505462684065,
      "mean_volatility": 0.0015552955737426501,
      "count": 21
    },
    "20": {
      "mean_return": -0.00018268171689079477,
      "mean_volatility": 0.0009313982536085666,
      "count": 21
    },
    "21": {
      "mean_return": -6.246865411987801e-05,
      "mean_volatility": 0.000545914543211549,
      "count": 21
    },
    "22": {
      "mean_return": 0.0009173803152771635,
      "mean_volatility": 0.0015616289292372534,
      "count": 21
    },
    "23": {
      "mean_return": 0.00015384901690222255,
      "mean_volatility": 0.0012677780063520166,
      "count": 21
    }
  },
  "monthly_seasonality": {
    "XAG-USD": {
      "1": {
        "positive_pct": 0.695,
        "label": "strong"
      },
      "2": {
        "positive_pct": 0.545,
        "label": "neutral"
      },
      "3": {
        "positive_pct": 0.5,
        "label": "neutral"
      },
      "4": {
        "positive_pct": 0.568,
        "label": "neutral"
      },
      "5": {
        "positive_pct": 0.523,
        "label": "neutral"
      },
      "6": {
        "positive_pct": 0.432,
        "label": "weak"
      },
      "7": {
        "positive_pct": 0.636,
        "label": "strong"
      },
      "8": {
        "positive_pct": 0.545,
        "label": "neutral"
      },
      "9": {
        "positive_pct": 0.432,
        "label": "weak"
      },
      "10": {
        "positive_pct": 0.568,
        "label": "neutral"
      },
      "11": {
        "positive_pct": 0.545,
        "label": "neutral"
      },
      "12": {
        "positive_pct": 0.523,
        "label": "neutral"
      }
    },
    "XAU-USD": {
      "1": {
        "positive_pct": 0.614,
        "label": "strong"
      },
      "2": {
        "positive_pct": 0.568,
        "label": "neutral"
      },
      "3": {
        "positive_pct": 0.477,
        "label": "weak"
      },
      "4": {
        "positive_pct": 0.545,
        "label": "neutral"
      },
      "5": {
        "positive_pct": 0.5,
        "label": "neutral"
      },
      "6": {
        "positive_pct": 0.477,
        "label": "weak"
      },
      "7": {
        "positive_pct": 0.545,
        "label": "neutral"
      },
      "8": {
        "positive_pct": 0.568,
        "label": "neutral"
      },
      "9": {
        "positive_pct": 0.636,
        "label": "strong"
      },
      "10": {
        "positive_pct": 0.591,