{
  "XAG-USD": {
    "0": {
      "mean_return": -0.002357142647165213,
      "mean_volatility": 0.004174681888102766,
      "count": 21
    },
    "1": {
      "mean_return": -0.004086748316651192,
      "mean_volatility": 0.00548839971873249,
      "count": 21
    },
    "2": {
      "mean_return": -0.0017678567554373465,
      "mean_volatility": 0.0033181880941246097,
      "count": 21
    },
    "3": {
      "mean_return": -0.0005833614092129432,
      "mean_volatility": 0.002606844268274622,
      "count": 21
    },
    "4": {
      "mean_return": 0.00041816214983867025,
      "mean_volatility": 0.0024067340996702883,
      "count": 21
    },
    "5": {
      "mean_return": -0.0027287599032144597,
      "mean_volatility": 0.005737845288966428,
      "count": 21
    },
    "6": {
      "mean_return": 0.0010278299505519348,
      "mean_volatility": 0.004182929249171683,
      "count": 21
    },
    "7": {
      "mean_return": -0.0003305448125937527,
      "mean_volatility": 0.002411001132508822,
      "count": 20
    },
    "8": {
      "mean_return": -0.0005629201841709563,
      "mean_volatility": 0.0030331595604054518,
      "count": 20
    },
    "9": {
      "mean_return": -0.0002312107617663539,
      "mean_volatility": 0.002524610258811655,
      "count": 20
    },
    "10": {
      "mean_return": -0.0003196997478769004,
      "mean_volatility": 0.003745120942890823,
      "count": 20
    },
    "11": {
      "mean_return": -8.238518124599192e-05,
      "mean_volatility": 0.0029280118508122842,
      "count": 20
    },
    "12": {
      "mean_return": 0.0019217339686241567,
      "mean_volatility": 0.005818361539252536,
      "count": 21
    },
    "13": {
      "mean_return": -0.002222844674134636,
      "mean_volatility": 0.006860498912729694,
      "count": 21
    },
    "14": {
      "mean_return": 0.0004917673468079924,
      "mean_volatility": 0.005642703910709683,
      "count": 21
    },
    "15": {
      "mean_return": 0.00228317222763328,
      "mean_volatility": 0.004172420606014082,
      "count": 21
    },
    "16": {
      "mean_return": 0.0012477557983855414,
      "mean_volatility": 0.0025680553081717716,
      "count": 21
    },
    "17": {
      "mean_return": 0.0005751944262579586,
      "mean_volatility": 0.002947086755590062,
      "count": 21
    },
    "18": {
      "mean_return": -5.883472949723478e-05,
      "mean_volatility": 0.003208946006312761,
      "count": 21
    },
    "19": {
      "mean_return": 0.0002777914651560044,
      "mean_volatility": 0.0036109928782661616,
      "count": 21
    },
    "20": {
      "mean_return": 0.00013883996768995104,
      "mean_volatility": 0.0026697048901134805,
      "count": 21
    },
    "21": {
      "mean_return": -0.00019430682754398694,
      "mean_volatility": 0.0016187834008913194,
      "count": 21
    },
    "22": {
      "mean_return": 0.0031679584100512783,
      "mean_volatility": 0.003949677354675594,
      "count": 21
    },
    "23": {
      "mean_return": 0.0009413198789209823,
      "mean_volatility": 0.0029143805199003656,
      "count": 21
    }
  },
  "XAU-USD": {
    "0": {
      "mean_return": -0.000673427667132573,
      "mean_volatility": 0.0015630942151695095,
      "count": 21
    },
    "1": {
      "mean_return": -0.001366287891958214,
      "mean_volatility": 0.0024276912225203264,
      "count": 21
    },
    "2": {
      "mean_return": -0.0009670440116223608,
      "mean_volatility": 0.0014058750155181749,
      "count": 21
    },
    "3": {
      "mean_return": -0.00043834442375714105,
      "mean_volatility": 0.0011051229842951513,
      "count": 21
    },
    "4": {
      "mean_return": 0.00028880470671965863,
      "mean_volatility": 0.0012298067680883706,
      "count": 21
    },
    "5": {
      "mean_return": -0.0007094332950668811,
      "mean_volatility": 0.001914646196115308,
      "count": 21
    },
    "6": {
      "mean_return": 0.0003891434942967403,
      "mean_volatility": 0.0014365497729171151,
      "count": 21
    },
    "7": {
      "mean_return": -2.6760518804885836e-05,
      "mean_volatility": 0.000799781286597151,
      "count": 20
    },
    "8": {
      "mean_return": -0.00023347476053133808,
      "mean_volatility": 0.001242951149984972,
      "count": 20
    },
    "9": {
      "mean_return": 0.0001868774456271427,
      "mean_volatility": 0.0009701156743582628,
      "count": 20
    },
    "10": {
      "mean_return": -0.0006229757725919494,
      "mean_volatility": 0.0018975213572918093,
      "count": 20
    },
    "11": {
      "mean_return": -0.00038010143309186726,
      "mean_volatility": 0.0014013123610573442,
      "count": 20
    },
    "12": {
      "mean_return": 0.00093592266650277,
      "mean_volatility": 0.0020442514689445017,
      "count": 21
    },
    "13": {
      "mean_return": -0.0009484238237773345,
      "mean_volatility": 0.0023301185720438094,
      "count": 21
    },
    "14": {
      "mean_return": 0.0008088115756109364,
      "mean_volatility": 0.0025632052238632186,
      "count": 21
    },
    "15": {
      "mean_return": 0.000503004166266416,
      "mean_volatility": 0.0014547922405253651,
      "count": 21
    },
    "16": {
      "mean_return": 0.0004732219352815214,
      "mean_volatility": 0.0012348226712107673,
      "count": 21
    },
    "17": {
      "mean_return": -6.716318424751908e-05,
      "mean_volatility": 0.0014116870411052965,
      "count": 21
    },
    "18": {
      "mean_return": -2.9720786910378405e-05,
      "mean_volatility": 0.0011217215876014874,
      "count": 21
    },
    "19": {
      "mean_return": 8.126552812724532e-05,
      "mean_volatility": 0.0015752044501464036,
      "count": 21
    },
    "20": {
      "mean_return": 0.00011311427705317816,
      "mean_volatility": 0.0007714853169567363,
      "count": 21
    },
    "21": {
      "mean_return": -3.1784638844678526e-05,
      "mean_volatility": 0.0005379744879326116,
      "count": 21
    },
    "22": {
      "mean_return": 0.00109074866156049,
      "mean_volatility": 0.0014334814782523276,
      "count": 21
    },
    "23": {
      "mean_return": -1.7437078723856575e-05,
      "mean_volatility": 0.0012679493118305015,
      "count": 21
    }
  },
  "monthly_seasonality": {
    "XAG-USD": {
      "1": {
        "positive_pct": 0.695,
        "label": "strong"
      },
      "2": {
        "positive_pct": 0.545,
        "label": "neutral"
      },
      "3": {
        "positive_pct": 0.5,
        "label": "neutral"
      },
      "4": {
        "positive_pct": 0.568,
        "label": "neutral"
      },
      "5": {
        "positive_pct": 0.523,
        "label": "neutral"
      },
      "6": {
        "positive_pct": 0.432,
        "label": "weak"
      },
      "7": {
        "positive_pct": 0.636,
        "label": "strong"
      },
      "8": {
        "positive_pct": 0.545,
        "label": "neutral"
      },
      "9": {
        "positive_pct": 0.432,
        "label": "weak"
      },
      "10": {
        "positive_pct": 0.568,
        "label": "neutral"
      },
      "11": {
        "positive_pct": 0.545,
        "label": "neutral"
      },
      "12": {
        "positive_pct": 0.523,
        "label": "neutral"
      }
    },
    "XAU-USD": {
      "1": {
        "positive_pct": 0.614,
        "label": "strong"
      },
      "2": {
        "positive_pct": 0.568,
        "label": "neutral"
      },
      "3": {
        "positive_pct": 0.477,
        "label": "weak"
      },
      "4": {
        "positive_pct": 0.545,
        "label": "neutral"
      },
      "5": {
        "positive_pct": 0.5,
        "label": "neutral"
      },
      "6": {
        "positive_pct": 0.477,
        "label": "weak"
      },
      "7": {
        "positive_pct": 0.545,
        "label": "neutral"
      },
      "8": {
        "positive_pct": 0.568,
        "label": "neutral"
      },
      "9": {
        "positive_pct": 0.636,
        "label": "strong"
      },
      "10": {
        "positive_pct": 0.591,