{
  "XAG-USD": {
    "0": {
      "mean_return": -0.0019248262479233443,
      "mean_volatility": 0.004258649199939922,
      "count": 21
    },
    "1": {
      "mean_return": -0.00032100484551165316,
      "mean_volatility": 0.004623003704846383,
      "count": 21
    },
    "2": {
      "mean_return": -0.0011355635114050381,
      "mean_volatility": 0.003694172224039597,
      "count": 21
    },
    "3": {
      "mean_return": -0.0003117475069912979,
      "mean_volatility": 0.0022647827621980927,
      "count": 21
    },
    "4": {
      "mean_return": -0.000512881558756966,
      "mean_volatility": 0.002178881092802663,
      "count": 21
    },
    "5": {
      "mean_return": -0.0014994434340176708,
      "mean_volatility": 0.004533086407117248,
      "count": 21
    },
    "6": {
      "mean_return": 0.001655477341834503,
      "mean_volatility": 0.004535383886120704,
      "count": 21
    },
    "7": {
      "mean_return": 0.0001541471506512626,
      "mean_volatility": 0.003101441640884939,
      "count": 20
    },
    "8": {
      "mean_return": 0.00032120561580773475,
      "mean_volatility": 0.002425588905777104,
      "count": 20
    },
    "9": {
      "mean_return": -0.00036927919142399344,
      "mean_volatility": 0.0023515518515486887,
      "count": 20
    },
    "10": {
      "mean_return": 0.0008824322287818487,
      "mean_volatility": 0.0033323630987824758,
      "count": 20
    },
    "11": {
      "mean_return": 0.0014571520687038763,
      "mean_volatility": 0.004083269867607026,
      "count": 20
    },
    "12": {
      "mean_return": 0.0022527591313102257,
      "mean_volatility": 0.005304249597686035,
      "count": 21
    },
    "13": {
      "mean_return": 5.238058093249789e-05,
      "mean_volatility": 0.007828323303872679,
      "count": 21
    },
    "14": {
      "mean_return": 0.00023400315107669463,
      "mean_volatility": 0.0048474781379233955,
      "count": 21
    },
    "15": {
      "mean_return": -0.0012314305331187889,
      "mean_volatility": 0.005129893720774341,
      "count": 21
    },
    "16": {
      "mean_return": -0.0002229279614934851,
      "mean_volatility": 0.002546006596409409,
      "count": 21
    },
    "17": {
      "mean_return": 0.0009765298590462981,
      "mean_volatility": 0.0024430911213744557,
      "count": 21
    },
    "18": {
      "mean_return": -0.000802434749742493,
      "mean_volatility": 0.002980746067310411,
      "count": 21
    },
    "19": {
      "mean_return": -0.00011489200332515632,
      "mean_volatility": 0.003357605316740897,
      "count": 21
    },
    "20": {
      "mean_return": -0.0014356501221624812,
      "mean_volatility": 0.0026944065600152415,
      "count": 21
    },
    "21": {
      "mean_return": 0.0005380477471586252,
      "mean_volatility": 0.0013314994970405098,
      "count": 21
    },
    "22": {
      "mean_return": 0.001709829146021474,
      "mean_volatility": 0.0031656532713227087,
      "count": 21
    },
    "23": {
      "mean_return": 0.0013546000897688532,
      "mean_volatility": 0.0025153289979550934,
      "count": 21
    }
  },
  "XAU-USD": {
    "0": {
      "mean_return": -0.0004475252979041077,
      "mean_volatility": 0.001854536672942669,
      "count": 21
    },
    "1": {
      "mean_return": -3.460973247152813e-05,
      "mean_volatility": 0.0019878754928998148,
      "count": 21
    },
    "2": {
      "mean_return": -0.0006675903139504248,
      "mean_volatility": 0.0014328419704711368,
      "count": 21
    },
    "3": {
      "mean_return": -8.482013058935018e-05,
      "mean_volatility": 0.0009803908821296183,
      "count": 21
    },
    "4": {
      "mean_return": -0.00014398198958218277,
      "mean_volatility": 0.0011628298718048744,
      "count": 21
    },
    "5": {
      "mean_return": -0.0005676820376530426,
      "mean_volatility": 0.0018636839922300359,
      "count": 21
    },
    "6": {
      "mean_return": 0.00077712339672568,
      "mean_volatility": 0.001719195289767854,
      "count": 21
    },
    "7": {
      "mean_return": -0.0003654401440453814,
      "mean_volatility": 0.0011426641055774845,
      "count": 20
    },
    "8": {
      "mean_return": -6.228522299663863e-05,
      "mean_volatility": 0.001217811475379016,
      "count": 20
    },
    "9": {
      "mean_return": -0.00041231447883987026,
      "mean_volatility": 0.000626971195771131,
      "count": 20
    },
    "10": {
      "mean_return": 0.00036781222791772985,
      "mean_volatility": 0.001358747363565671,
      "count": 20
    },
    "11": {
      "mean_return": 0.0003221274996844048,
      "mean_volatility": 0.0015932190239502265,
      "count": 20
    },
    "12": {
      "mean_return": 0.0008020844325466591,
      "mean_volatility": 0.0014948853617849974,
      "count": 21
    },
    "13": {
      "mean_return": -0.0001959082913554331,
      "mean_volatility": 0.0030003310191066886,
      "count": 21
    },
    "14": {
      "mean_return": 0.000260155665337087,
      "mean_volatility": 0.0021601687564356117,
      "count": 21
    },
    "15": {
      "mean_return": -0.0009171928061074221,
      "mean_volatility": 0.0021159248391638486,
      "count": 21
    },
    "16": {
      "mean_return": -0.0004321903584645507,
      "mean_volatility": 0.0010848229961301398,
      "count": 21
    },
    "17": {
      "mean_return": 0.00015014175461330615,
      "mean_volatility": 0.0010726933510704349,
      "count": 21
    },
    "18": {
      "mean_return": 7.797701834304822e-05,
      "mean_volatility": 0.000862857301889561,
      "count": 21
    },
    "19": {
      "mean_return": -8.103343525687836e-05,
      "mean_volatility": 0.0014951969244553379,
      "count": 21
    },
    "20": {
      "mean_return": -0.00018663230123436953,
      "mean_volatility": 0.0009104034785156809,
      "count": 21
    },
    "21": {
      "mean_return": 0.0001516643060354256,
      "mean_volatility": 0.0004904648267338876,
      "count": 21
    },
    "22": {
      "mean_return": 0.0002527012927132855,
      "mean_volatility": 0.0014895893924684652,
      "count": 21
    },
    "23": {
      "mean_return": 0.0004489151326177258,
      "mean_volatility": 0.0011942761053197787,
      "count": 21
    }
  },
  "monthly_seasonality": {
    "XAG-USD": {
      "1": {
        "positive_pct": 0.695,
        "label": "strong"
      },
      "2": {
        "positive_pct": 0.545,
        "label": "neutral"
      },
      "3": {
        "positive_pct": 0.5,
        "label": "neutral"
      },
      "4": {
        "positive_pct": 0.568,
        "label": "neutral"
      },
      "5": {
        "positive_pct": 0.523,
        "label": "neutral"
      },
      "6": {
        "positive_pct": 0.432,
        "label": "weak"
      },
      "7": {
        "positive_pct": 0.636,
        "label": "strong"
      },
      "8": {
        "positive_pct": 0.545,
        "label": "neutral"
      },
      "9": {
        "positive_pct": 0.432,
        "label": "weak"
      },
      "10": {
        "positive_pct": 0.568,
        "label": "neutral"
      },
      "11": {
        "positive_pct": 0.545,
        "label": "neutral"
      },
      "12": {
        "positive_pct": 0.523,
        "label": "neutral"
      }
    },
    "XAU-USD": {
      "1": {
        "positive_pct": 0.614,
        "label": "strong"
      },
      "2": {
        "positive_pct": 0.568,
        "label": "neutral"
      },
      "3": {
        "positive_pct": 0.477,
        "label": "weak"
      },
      "4": {
        "positive_pct": 0.545,
        "label": "neutral"
      },
      "5": {
        "positive_pct": 0.5,
        "label": "neutral"
      },
      "6": {
        "positive_pct": 0.477,
        "label": "weak"
      },
      "7": {
        "positive_pct": 0.545,
        "label": "neutral"
      },
      "8": {
        "positive_pct": 0.568,
        "label": "neutral"
      },
      "9": {
        "positive_pct": 0.636,
        "label": "strong"
      },
      "10": {
        "positive_pct": 0.591,