{
  "XAG-USD": {
    "0": {
      "mean_return": -0.0015274290248694432,
      "mean_volatility": 0.0034652606691156773,
      "count": 21
    },
    "1": {
      "mean_return": -0.0033359694606965016,
      "mean_volatility": 0.004737620862777799,
      "count": 21
    },
    "2": {
      "mean_return": -0.0011394605934563814,
      "mean_volatility": 0.0031577863891542207,
      "count": 21
    },
    "3": {
      "mean_return": -0.0002305861320871199,
      "mean_volatility": 0.0022058957250826634,
      "count": 21
    },
    "4": {
      "mean_return": 0.0008078990614040044,
      "mean_volatility": 0.00252286088274364,
      "count": 21
    },
    "5": {
      "mean_return": -0.0012041731862443335,
      "mean_volatility": 0.004888584038637149,
      "count": 21
    },
    "6": {
      "mean_return": 0.0012087700642934244,
      "mean_volatility": 0.003450207812623676,
      "count": 21
    },
    "7": {
      "mean_return": -0.000490759408906316,
      "mean_volatility": 0.002278738814003989,
      "count": 20
    },
    "8": {
      "mean_return": -0.00022565658894935225,
      "mean_volatility": 0.002811285076882597,
      "count": 20
    },
    "9": {
      "mean_return": 9.7122520392251e-05,
      "mean_volatility": 0.0019680619415217647,
      "count": 20
    },
    "10": {
      "mean_return": -0.0007235832585710644,
      "mean_volatility": 0.0029871739474983615,
      "count": 20
    },
    "11": {
      "mean_return": 0.0008933596654093212,
      "mean_volatility": 0.002859868507110297,
      "count": 20
    },
    "12": {
      "mean_return": 0.0004754151670206171,
      "mean_volatility": 0.00417919327373754,
      "count": 21
    },
    "13": {
      "mean_return": -0.003913326786733633,
      "mean_volatility": 0.0056409263575680135,
      "count": 21
    },
    "14": {
      "mean_return": -9.772538293023867e-05,
      "mean_volatility": 0.005448130033185117,
      "count": 21
    },
    "15": {
      "mean_return": 0.0013780395899251434,
      "mean_volatility": 0.003702919717662821,
      "count": 21
    },
    "16": {
      "mean_return": 0.0014176021288401918,
      "mean_volatility": 0.002008777460593496,
      "count": 21
    },
    "17": {
      "mean_return": 0.000425076952383786,
      "mean_volatility": 0.002659381695262713,
      "count": 21
    },
    "18": {
      "mean_return": -0.0004092942611041904,
      "mean_volatility": 0.0024016387592094225,
      "count": 21
    },
    "19": {
      "mean_return": 5.6265381075498986e-06,
      "mean_volatility": 0.002765415265966594,
      "count": 21
    },
    "20": {
      "mean_return": -5.636144208103528e-05,
      "mean_volatility": 0.0028460509060066635,
      "count": 21
    },
    "21": {
      "mean_return": 0.00010561811850227722,
      "mean_volatility": 0.001882212390552936,
      "count": 21
    },
    "22": {
      "mean_return": 0.0021391370122487603,
      "mean_volatility": 0.003339973327754978,
      "count": 21
    },
    "23": {
      "mean_return": 0.0007961385185650762,
      "mean_volatility": 0.0024772127826542096,
      "count": 21
    }
  },
  "XAU-USD": {
    "0": {
      "mean_return": -0.0003641412714535875,
      "mean_volatility": 0.0013337049190815216,
      "count": 21
    },
    "1": {
      "mean_return": -0.0008270837587245709,
      "mean_volatility": 0.0022445317497828965,
      "count": 21
    },
    "2": {
      "mean_return": -0.0006852346020449696,
      "mean_volatility": 0.0015705910274165288,
      "count": 21
    },
    "3": {
      "mean_return": -0.00020971601446892607,
      "mean_volatility": 0.0011310229722097307,
      "count": 21
    },
    "4": {
      "mean_return": 0.00039784763334794695,
      "mean_volatility": 0.0013299262639206734,
      "count": 21
    },
    "5": {
      "mean_return": -0.0004663344111171081,
      "mean_volatility": 0.0015889473015919492,
      "count": 21
    },
    "6": {
      "mean_return": 0.00048613991132896917,
      "mean_volatility": 0.0014424405983773608,
      "count": 21
    },
    "7": {
      "mean_return": -0.00018774281592413568,
      "mean_volatility": 0.0008685563554232057,
      "count": 20
    },
    "8": {
      "mean_return": -0.0002889282013538386,
      "mean_volatility": 0.0012834127105025793,
      "count": 20
    },
    "9": {
      "mean_return": 0.00034339633667358483,
      "mean_volatility": 0.0009296978709225523,
      "count": 20
    },
    "10": {
      "mean_return": -0.0003513501237025596,
      "mean_volatility": 0.0018878070754556886,
      "count": 20
    },
    "11": {
      "mean_return": 3.3670429791987645e-05,
      "mean_volatility": 0.0015812591770885565,
      "count": 20
    },
    "12": {
      "mean_return": 0.00045429457476276445,
      "mean_volatility": 0.0017901807359120413,
      "count": 21
    },
    "13": {
      "mean_return": -0.0016208441377993826,
      "mean_volatility": 0.0022964250172564384,
      "count": 21
    },
    "14": {
      "mean_return": 0.0008299019542570443,
      "mean_volatility": 0.0028971593565758676,
      "count": 21
    },
    "15": {
      "mean_return": 0.00039861779765810415,
      "mean_volatility": 0.0015703123558046155,
      "count": 21
    },
    "16": {
      "mean_return": 0.0006591477718512021,
      "mean_volatility": 0.0011849975024888573,
      "count": 21
    },
    "17": {
      "mean_return": -0.0001722052398518573,
      "mean_volatility": 0.0013697897687266823,
      "count": 21
    },
    "18": {
      "mean_return": -8.739225474662686e-05,
      "mean_volatility": 0.0009428349612596706,
      "count": 21
    },
    "19": {
      "mean_return": -7.019768191788131e-05,
      "mean_volatility": 0.001186332042000233,
      "count": 21
    },
    "20": {
      "mean_return": -7.101177359205463e-06,
      "mean_volatility": 0.0009381582510162591,
      "count": 21
    },
    "21": {
      "mean_return": -2.500443573628082e-06,
      "mean_volatility": 0.0005999671563418286,
      "count": 21
    },
    "22": {
      "mean_return": 0.0007397099647689457,
      "mean_volatility": 0.0012573160877185814,
      "count": 21
    },
    "23": {
      "mean_return": -0.00016827193230916135,
      "mean_volatility": 0.0012615315002108209,
      "count": 21
    }
  },
  "monthly_seasonality": {
    "XAG-USD": {
      "1": {
        "positive_pct": 0.695,
        "label": "strong"
      },
      "2": {
        "positive_pct": 0.545,
        "label": "neutral"
      },
      "3": {
        "positive_pct": 0.5,
        "label": "neutral"
      },
      "4": {
        "positive_pct": 0.568,
        "label": "neutral"
      },
      "5": {
        "positive_pct": 0.523,
        "label": "neutral"
      },
      "6": {
        "positive_pct": 0.432,
        "label": "weak"
      },
      "7": {
        "positive_pct": 0.636,
        "label": "strong"
      },
      "8": {
        "positive_pct": 0.545,
        "label": "neutral"
      },
      "9": {
        "positive_pct": 0.432,
        "label": "weak"
      },
      "10": {
        "positive_pct": 0.568,
        "label": "neutral"
      },
      "11": {
        "positive_pct": 0.545,
        "label": "neutral"
      },
      "12": {
        "positive_pct": 0.523,
        "label": "neutral"
      }
    },
    "XAU-USD": {
      "1": {
        "positive_pct": 0.614,
        "label": "strong"
      },
      "2": {
        "positive_pct": 0.568,
        "label": "neutral"
      },
      "3": {
        "positive_pct": 0.477,
        "label": "weak"
      },
      "4": {
        "positive_pct": 0.545,
        "label": "neutral"
      },
      "5": {
        "positive_pct": 0.5,
        "label": "neutral"
      },
      "6": {
        "positive_pct": 0.477,
        "label": "weak"
      },
      "7": {
        "positive_pct": 0.545,
        "label": "neutral"
      },
      "8": {
        "positive_pct": 0.568,
        "label": "neutral"
      },
      "9": {
        "positive_pct": 0.636,
        "label": "strong"
      },