{
  "XAG-USD": {
    "0": {
      "mean_return": -0.002206646859967277,
      "mean_volatility": 0.0045027269420527495,
      "count": 21
    },
    "1": {
      "mean_return": -0.0003979817972252722,
      "mean_volatility": 0.004996411405971391,
      "count": 21
    },
    "2": {
      "mean_return": -0.001287167224145458,
      "mean_volatility": 0.003870911181305823,
      "count": 21
    },
    "3": {
      "mean_return": -0.00019211486339897385,
      "mean_volatility": 0.0023212504439618616,
      "count": 21
    },
    "4": {
      "mean_return": 0.00010619587387449862,
      "mean_volatility": 0.0019899076530136665,
      "count": 21
    },
    "5": {
      "mean_return": -0.0020537677928949903,
      "mean_volatility": 0.005110699208976935,
      "count": 21
    },
    "6": {
      "mean_return": 0.0020799239039662847,
      "mean_volatility": 0.004684177954996982,
      "count": 21
    },
    "7": {
      "mean_return": 0.00016060974464100487,
      "mean_volatility": 0.0030949790468951964,
      "count": 20
    },
    "8": {
      "mean_return": 0.000625955498688513,
      "mean_volatility": 0.00288365311251606,
      "count": 20
    },
    "9": {
      "mean_return": -0.00021879798172016462,
      "mean_volatility": 0.002473576841395586,
      "count": 20
    },
    "10": {
      "mean_return": 0.0008572781735861401,
      "mean_volatility": 0.00313899762379517,
      "count": 20
    },
    "11": {
      "mean_return": 0.001397931084261428,
      "mean_volatility": 0.004063114979462923,
      "count": 20
    },
    "12": {
      "mean_return": 0.0016051332406647387,
      "mean_volatility": 0.005479709980265585,
      "count": 21
    },
    "13": {
      "mean_return": -0.0006397369803425867,
      "mean_volatility": 0.00684718738795999,
      "count": 21
    },
    "14": {
      "mean_return": -0.0004576600305772814,
      "mean_volatility": 0.005456700786615938,
      "count": 21
    },
    "15": {
      "mean_return": -0.00044355185391670426,
      "mean_volatility": 0.005867501565857601,
      "count": 21
    },
    "16": {
      "mean_return": -0.00014427184899235002,
      "mean_volatility": 0.0027002599360029115,
      "count": 21
    },
    "17": {
      "mean_return": 0.001295172442748402,
      "mean_volatility": 0.0028357468171166405,
      "count": 21
    },
    "18": {
      "mean_return": -0.0010123934498255899,
      "mean_volatility": 0.0032891520210787434,
      "count": 21
    },
    "19": {
      "mean_return": 0.00021200844869074755,
      "mean_volatility": 0.0036296685741075245,
      "count": 21
    },
    "20": {
      "mean_return": -0.0007599891791457756,
      "mean_volatility": 0.0034424974256907414,
      "count": 21
    },
    "21": {
      "mean_return": -0.0002008344370573707,
      "mean_volatility": 0.0019185416693061144,
      "count": 21
    },
    "22": {
      "mean_return": 0.0030579783789375253,
      "mean_volatility": 0.003938955668655779,
      "count": 21
    },
    "23": {
      "mean_return": 0.0018130755468192881,
      "mean_volatility": 0.0029843430709943987,
      "count": 21
    }
  },
  "XAU-USD": {
    "0": {
      "mean_return": -0.00040535313400422287,
      "mean_volatility": 0.0019298285420578098,
      "count": 21
    },
    "1": {
      "mean_return": 2.661602000176791e-05,
      "mean_volatility": 0.002166591028489923,
      "count": 21
    },
    "2": {
      "mean_return": -0.0006728874498132452,
      "mean_volatility": 0.0014387862719718195,
      "count": 21
    },
    "3": {
      "mean_return": -0.00021762961700271042,
      "mean_volatility": 0.0008910984223708105,
      "count": 21
    },
    "4": {
      "mean_return": 0.00014076817987429546,
      "mean_volatility": 0.0009932589030359788,
      "count": 21
    },
    "5": {
      "mean_return": -0.0006548172526866738,
      "mean_volatility": 0.0021227353745531343,
      "count": 21
    },
    "6": {
      "mean_return": 0.0010807879247646574,
      "mean_volatility": 0.0017654895724134563,
      "count": 21
    },
    "7": {
      "mean_return": -0.00023284218820280312,
      "mean_volatility": 0.001071089920898899,
      "count": 20
    },
    "8": {
      "mean_return": 0.00020167063333199065,
      "mean_volatility": 0.0012605083874957124,
      "count": 20
    },
    "9": {
      "mean_return": -0.0002647494764714597,
      "mean_volatility": 0.0006782076894555677,
      "count": 20
    },
    "10": {
      "mean_return": 7.436943340477509e-06,
      "mean_volatility": 0.0016081965723535707,
      "count": 20
    },
    "11": {
      "mean_return": 0.0002257143830452335,
      "mean_volatility": 0.0015493124697419757,
      "count": 20
    },
    "12": {
      "mean_return": 0.0005155185709004915,
      "mean_volatility": 0.0014830312053678786,
      "count": 21
    },
    "13": {
      "mean_return": -0.00029426668675480716,
      "mean_volatility": 0.0026174991930507283,
      "count": 21
    },
    "14": {
      "mean_return": -0.00012469132639261616,
      "mean_volatility": 0.002334236570100599,
      "count": 21
    },
    "15": {
      "mean_return": -0.000776684135951016,
      "mean_volatility": 0.002241479308137921,
      "count": 21
    },
    "16": {
      "mean_return": -0.0002925156918940564,
      "mean_volatility": 0.001097310644466699,
      "count": 21
    },
    "17": {
      "mean_return": 0.0005262441685260963,
      "mean_volatility": 0.001298378707987409,
      "count": 21
    },
    "18": {
      "mean_return": -0.00011623451005218115,
      "mean_volatility": 0.001027150672441032,
      "count": 21
    },
    "19": {
      "mean_return": 0.00010285418763739382,
      "mean_volatility": 0.00151132343488326,
      "count": 21
    },
    "20": {
      "mean_return": -0.00016162311353555624,
      "mean_volatility": 0.0009478131349277288,
      "count": 21
    },
    "21": {
      "mean_return": -6.112889934144812e-06,
      "mean_volatility": 0.0005146723748333328,
      "count": 21
    },
    "22": {
      "mean_return": 0.0009583300910248193,
      "mean_volatility": 0.0016905526369197985,
      "count": 21
    },
    "23": {
      "mean_return": 0.00043872591032175406,
      "mean_volatility": 0.0012553290946693471,
      "count": 21
    }
  },
  "monthly_seasonality": {
    "XAG-USD": {
      "1": {
        "positive_pct": 0.695,
        "label": "strong"
      },
      "2": {
        "positive_pct": 0.545,
        "label": "neutral"
      },
      "3": {
        "positive_pct": 0.5,
        "label": "neutral"
      },
      "4": {
        "positive_pct": 0.568,
        "label": "neutral"
      },
      "5": {
        "positive_pct": 0.523,
        "label": "neutral"
      },
      "6": {
        "positive_pct": 0.432,
        "label": "weak"
      },
      "7": {
        "positive_pct": 0.636,
        "label": "strong"
      },
      "8": {
        "positive_pct": 0.545,
        "label": "neutral"
      },
      "9": {
        "positive_pct": 0.432,
        "label": "weak"
      },
      "10": {
        "positive_pct": 0.568,
        "label": "neutral"
      },
      "11": {
        "positive_pct": 0.545,
        "label": "neutral"
      },
      "12": {
        "positive_pct": 0.523,
        "label": "neutral"
      }
    },
    "XAU-USD": {
      "1": {
        "positive_pct": 0.614,
        "label": "strong"
      },
      "2": {
        "positive_pct": 0.568,
        "label": "neutral"
      },
      "3": {
        "positive_pct": 0.477,
        "label": "weak"
      },
      "4": {
        "positive_pct": 0.545,
        "label": "neutral"
      },
      "5": {
        "positive_pct": 0.5,
        "label": "neutral"
      },
      "6": {
        "positive_pct": 0.477,
        "label": "weak"
      },
      "7": {
        "positive_pct": 0.545,
        "label": "neutral"
      },
      "8": {
        "positive_pct": 0.568,
        "label": "neutral"
      },
      "9": {
        "positive_pct": 0.636,
        "label": "strong"
      },
      "10": {
        "positive_pct": 0.591,