{
  "XAG-USD": {
    "0": {
      "mean_return": -0.0021748749615030107,
      "mean_volatility": 0.004099501313557788,
      "count": 21
    },
    "1": {
      "mean_return": 0.0003389916857588731,
      "mean_volatility": 0.004747309865151325,
      "count": 21
    },
    "2": {
      "mean_return": -0.0002343925296095453,
      "mean_volatility": 0.003182682482989194,
      "count": 21
    },
    "3": {
      "mean_return": -0.0004515152234927695,
      "mean_volatility": 0.002391473268924548,
      "count": 21
    },
    "4": {
      "mean_return": -0.0009335784957830585,
      "mean_volatility": 0.0023261783437430144,
      "count": 21
    },
    "5": {
      "mean_return": -0.0014882138625946096,
      "mean_volatility": 0.004438770390215272,
      "count": 21
    },
    "6": {
      "mean_return": 0.001287713391290492,
      "mean_volatility": 0.004623870296539883,
      "count": 21
    },
    "7": {
      "mean_return": 5.931546725668202e-06,
      "mean_volatility": 0.0032599043081083965,
      "count": 20
    },
    "8": {
      "mean_return": 0.0004435239873635366,
      "mean_volatility": 0.002137862874458851,
      "count": 20
    },
    "9": {
      "mean_return": -0.0003934539851980112,
      "mean_volatility": 0.0023793404326440948,
      "count": 20
    },
    "10": {
      "mean_return": 0.0009153416316843632,
      "mean_volatility": 0.0033652725016849903,
      "count": 20
    },
    "11": {
      "mean_return": 0.0012522469659301872,
      "mean_volatility": 0.004195777927086114,
      "count": 20
    },
    "12": {
      "mean_return": 0.0027418307991723297,
      "mean_volatility": 0.006084360481444879,
      "count": 21
    },
    "13": {
      "mean_return": 0.0008655202345133036,
      "mean_volatility": 0.007015183650291872,
      "count": 21
    },
    "14": {
      "mean_return": -0.00022138123019433382,
      "mean_volatility": 0.004072159279233344,
      "count": 21
    },
    "15": {
      "mean_return": -0.0012475396669903212,
      "mean_volatility": 0.005049041140222611,
      "count": 21
    },
    "16": {
      "mean_return": -0.0004829561849266639,
      "mean_volatility": 0.0023122743904078306,
      "count": 21
    },
    "17": {
      "mean_return": 0.0011734258235180821,
      "mean_volatility": 0.002324184589334572,
      "count": 21
    },
    "18": {
      "mean_return": -0.0008638761508967278,
      "mean_volatility": 0.00260289736127785,
      "count": 21
    },
    "19": {
      "mean_return": 0.00023808748326006746,
      "mean_volatility": 0.003230844583690342,
      "count": 21
    },
    "20": {
      "mean_return": -0.001470622039410481,
      "mean_volatility": 0.0027293784772632413,
      "count": 21
    },
    "21": {
      "mean_return": 0.0003982000224211648,
      "mean_volatility": 0.0011916517723030494,
      "count": 21
    },
    "22": {
      "mean_return": 0.001917364405231032,
      "mean_volatility": 0.00323807321928002,
      "count": 21
    },
    "23": {
      "mean_return": 0.0013516409008631491,
      "mean_volatility": 0.0025123698090493895,
      "count": 21
    }
  },
  "XAU-USD": {
    "0": {
      "mean_return": -0.0004216006565150918,
      "mean_volatility": 0.0018574296332073996,
      "count": 21
    },
    "1": {
      "mean_return": -4.3885898797208735e-05,
      "mean_volatility": 0.0018692042762392669,
      "count": 21
    },
    "2": {
      "mean_return": -0.0002706705675482537,
      "mean_volatility": 0.0012084373292611356,
      "count": 21
    },
    "3": {
      "mean_return": -9.037576172133912e-05,
      "mean_volatility": 0.0010408608831088723,
      "count": 21
    },
    "4": {
      "mean_return": -0.0002743704385544097,
      "mean_volatility": 0.0012772513048954427,
      "count": 21
    },
    "5": {
      "mean_return": -0.0004966263343485171,
      "mean_volatility": 0.0019860259978047934,
      "count": 21
    },
    "6": {
      "mean_return": 0.0007982357301925218,
      "mean_volatility": 0.0020056035067163606,
      "count": 21
    },
    "7": {
      "mean_return": -0.0005814537568548939,
      "mean_volatility": 0.0012806065621119912,
      "count": 20
    },
    "8": {
      "mean_return": 0.0002911283496648487,
      "mean_volatility": 0.001262242628679644,
      "count": 20
    },
    "9": {
      "mean_return": -0.0005011065979746487,
      "mean_volatility": 0.0008819247204049863,
      "count": 20
    },
    "10": {
      "mean_return": 0.0005188081201602301,
      "mean_volatility": 0.0015097432558081713,
      "count": 20
    },
    "11": {
      "mean_return": 0.00024372821433152892,
      "mean_volatility": 0.001584460132776655,
      "count": 20
    },
    "12": {
      "mean_return": 0.0008848577476467998,
      "mean_volatility": 0.0018918106984726888,
      "count": 21
    },
    "13": {
      "mean_return": -7.071804800246315e-05,
      "mean_volatility": 0.0028751407757537186,
      "count": 21
    },
    "14": {
      "mean_return": -1.8896854105763356e-05,
      "mean_volatility": 0.001782810978513553,
      "count": 21
    },
    "15": {
      "mean_return": -0.0008459967547431143,
      "mean_volatility": 0.0021499367274522762,
      "count": 21
    },
    "16": {
      "mean_return": -0.0004482638902944245,
      "mean_volatility": 0.001102028567346816,
      "count": 21
    },
    "17": {
      "mean_return": 0.00031659752121132855,
      "mean_volatility": 0.0010221355087003815,
      "count": 21
    },
    "18": {
      "mean_return": -7.181456892173321e-05,
      "mean_volatility": 0.0007744318116367275,
      "count": 21
    },
    "19": {
      "mean_return": 0.00010442775594113726,
      "mean_volatility": 0.0014528147693884266,
      "count": 21
    },
    "20": {
      "mean_return": -0.0001630953157226828,
      "mean_volatility": 0.0008992903927356558,
      "count": 21
    },
    "21": {
      "mean_return": 0.00016055298484829979,
      "mean_volatility": 0.0004993535055467619,
      "count": 21
    },
    "22": {
      "mean_return": 0.00028988681567875316,
      "mean_volatility": 0.001519785958171974,
      "count": 21
    },
    "23": {
      "mean_return": 0.00044474773213240164,
      "mean_volatility": 0.0011901087048344545,
      "count": 21
    }
  },
  "monthly_seasonality": {
    "XAG-USD": {
      "1": {
        "positive_pct": 0.695,
        "label": "strong"
      },
      "2": {
        "positive_pct": 0.545,
        "label": "neutral"
      },
      "3": {
        "positive_pct": 0.5,
        "label": "neutral"
      },
      "4": {
        "positive_pct": 0.568,
        "label": "neutral"
      },
      "5": {
        "positive_pct": 0.523,
        "label": "neutral"
      },
      "6": {
        "positive_pct": 0.432,
        "label": "weak"
      },
      "7": {
        "positive_pct": 0.636,
        "label": "strong"
      },
      "8": {
        "positive_pct": 0.545,
        "label": "neutral"
      },
      "9": {
        "positive_pct": 0.432,
        "label": "weak"
      },
      "10": {
        "positive_pct": 0.568,
        "label": "neutral"
      },
      "11": {
        "positive_pct": 0.545,
        "label": "neutral"
      },
      "12": {
        "positive_pct": 0.523,
        "label": "neutral"
      }
    },
    "XAU-USD": {
      "1": {
        "positive_pct": 0.614,
        "label": "strong"
      },
      "2": {
        "positive_pct": 0.568,
        "label": "neutral"
      },
      "3": {
        "positive_pct": 0.477,
        "label": "weak"
      },
      "4": {
        "positive_pct": 0.545,
        "label": "neutral"
      },
      "5": {
        "positive_pct": 0.5,
        "label": "neutral"
      },
      "6": {
        "positive_pct": 0.477,
        "label": "weak"
      },
      "7": {
        "positive_pct": 0.545,
        "label": "neutral"
      },
      "8": {
        "positive_pct": 0.568,
        "label": "neutral"
      },
      "9": {
        "positive_pct": 0.636,
        "label": "strong"
      },
      "10": {
        "positive_pct": 0.591,