{
  "eta": 0.1,
  "weights": {
    "trend": 52655629040.0346,
    "candlestick": 7609792965.392902,
    "macd": 64.03671808639221,
    "ema": 281286467265513.22,
    "momentum_factors": 6.465051570388168e+21,
    "volume_flow": 1.4161834925458165e+22,
    "macro_regime": 27877.40719468193,
    "rsi": 1.6741031820394519,
    "forecast": 0.024666232715582503,
    "volume": 3043.151337713684,
    "fibonacci": 0.01,
    "heikin_ashi": 1.751398002561432e+18,
    "structure": 27399792031290.28,
    "oscillators": 0.18137461292922746,
    "mean_reversion": 2.240625217940234e+18,
    "bb": 73365.92126337843,
    "econ_calendar": 1546693712317112.5,
    "calendar": 1.5081445521300934e+62,
    "smart_money": 125251.86583230286,
    "fear_greed": 1.2885202405086663e+114,
    "momentum": 6.828945669579874e+28,
    "qwen3": 9.252700759172402e+23,
    "sentiment": 9.72900900433939e+18,
    "news_event": 0.16247596308076812,
    "volatility_sig": 41.54734554277444,
    "ministral": 1.694507232379443e+20,
    "futures_flow": 0.031169310218544525,
    "claude_fundamental": 3.015992601407831e+175,
    "crypto_macro": 0.6452224025485147
  }
}